strata,year,Model 22.1.a,Model 22.1.b,Model 22.2.a,Model 22.2.b,Model 22.2.c,Model 22.3,Model 20
CGOA (0-500 m),1984,19317.114868661727,19319.415666761466,16803.680951393635,18716.888226513347,15816.81908321444,18924.906999357627,17152
CGOA (0-500 m),1985,16829.085070117362,16830.08685898126,15806.052191328254,16637.630380198378,15419.532301699535,16611.89345385389,16227.6
CGOA (0-500 m),1986,14661.511629602284,14661.510915580167,14867.652307708959,14789.357147305347,15032.224567547826,14581.57781866828,15353
CGOA (0-500 m),1987,12773.120010347891,12772.358463079738,13984.964902507258,13146.408462762318,14654.645227098226,12799.408584730096,14525.5
CGOA (0-500 m),1988,11478.608725548085,11477.198322797463,13564.716623933793,12159.933712453438,14484.80774764776,11487.02283678042,14119
CGOA (0-500 m),1989,10315.29165681424,10313.3717802861,13157.096808633194,11247.481645659482,14316.938570328057,10309.202396283814,13723.9
CGOA (0-500 m),1990,9269.872726675836,9267.561166659008,12761.725971208956,10403.49777893011,14151.014883841573,9252.149626380631,13339.8
CGOA (0-500 m),1991,11655.27440362141,11661.915924630013,14388.820481812001,11860.590997359992,14764.847394917355,10291.68857128742,13845.6
CGOA (0-500 m),1992,14654.50771862174,14674.872988420477,16223.36628485054,13521.76179549523,15405.306289665748,11448.026450670655,14370.5
CGOA (0-500 m),1993,13603.924093464624,13623.126049849074,15444.642264713628,13781.0089201499,15583.722122402482,12734.286381429107,14915.3
CGOA (0-500 m),1994,14357.601616109583,14408.167135956575,15553.924965801712,14970.713089021516,16063.181694060506,14449.361720180215,15995.8
CGOA (0-500 m),1995,14865.826956929683,14930.578102083626,15653.447144873851,16088.641779976324,16598.45548466911,16395.42632126501,17154.6
CGOA (0-500 m),1996,18183.72962153449,18232.67324994344,17276.004949074708,18292.07865754842,17559.95566714693,18603.590211227467,18397.3
CGOA (0-500 m),1997,18226.809802805892,18357.071878520943,18194.378863779297,19065.583769760146,18434.389286513448,19797.616971900843,19416.5
CGOA (0-500 m),1998,20227.199423293157,20411.397690033904,20204.899207865998,20628.968717136064,19624.815967435552,21068.279472719893,20492.3
CGOA (0-500 m),1999,23398.410749433646,23494.04657659226,23361.178514067476,22585.689318247838,21021.55592109662,22420.496394623016,21627.7
CGOA (0-500 m),2000,20958.585436730904,21076.511695230492,23318.700200294857,21710.288808460806,21704.97726135473,21771.433878100062,21938.3
CGOA (0-500 m),2001,22033.605269606458,22077.20124755551,26102.710497553533,21849.136134469187,22835.633873936895,21141.161407209464,22253.4
CGOA (0-500 m),2002,25736.969203807283,25932.417593987837,25582.601545188736,25815.561939728137,23304.594082836895,26791.85380702084,24516.4
CGOA (0-500 m),2003,29646.118198701588,29860.604451532232,24562.75260159799,30296.94933758213,23568.26629354582,33952.88539692023,27009.5
CGOA (0-500 m),2004,19024.414291458346,19204.822528833527,18909.357461649746,25313.756739560074,22354.851585815813,30482.574416151543,26530.2
CGOA (0-500 m),2005,25541.772791011677,25609.310191319968,20805.547261684285,26181.909613661275,22524.290165322713,27366.962547474694,26059.3
CGOA (0-500 m),2006,21297.45518911002,21472.97348331103,20803.15228446728,23032.11917625507,22383.514466658795,24220.010888298253,24240.2
CGOA (0-500 m),2007,20846.117700232564,20918.950844399358,21570.91223427677,21338.474965348138,22547.21788446017,21434.93003330816,22548.1
CGOA (0-500 m),2008,23809.892281752236,23991.269776309902,24219.949399274523,21821.00964325335,23271.846451942944,20739.49642557624,21947.7
CGOA (0-500 m),2009,20540.67971826021,20591.273129727946,23407.16495075849,20539.92065860731,23397.366451056496,20066.6254248606,21363.2
CGOA (0-500 m),2010,22862.120578799637,23018.12455849862,24974.87662902219,21895.612018095424,24208.591831785372,20745.294160878417,21885.9
CGOA (0-500 m),2011,22453.58295427434,22546.762641328576,25686.71035168606,22371.575483000594,24867.38183637811,21446.915996557796,22421.5
CGOA (0-500 m),2012,26353.802825349645,26577.48655770619,28762.669896906755,24866.714703095207,26007.171914547547,22895.264399717362,23525.4
CGOA (0-500 m),2013,27171.55150686727,27306.881308190965,30548.94013425741,26161.569370344314,26751.29158209978,24441.422347954245,24683.7
CGOA (0-500 m),2014,29694.516021949472,29952.55909262825,30329.40006964306,28530.956437453857,26887.413107188626,27340.525012468042,26187.4
CGOA (0-500 m),2015,31107.939773584832,31385.00708758296,29438.34909828732,30326.444259557873,26742.24356961026,30583.502764926372,27782.8
CGOA (0-500 m),2016,24378.821882433625,24791.46328108431,24927.102568971342,27685.610676320128,25532.894766948917,29590.545082256307,27907.9
CGOA (0-500 m),2017,28922.41127114237,29314.187316097286,27479.21579316723,27984.125365284533,25126.58782815276,28629.825857265598,28033.5
CGOA (0-500 m),2018,24208.848158185032,24617.338039688235,23578.321340199036,25862.291033062284,23804.446844274607,27792.628243350828,27932.5
CGOA (0-500 m),2019,25172.034303124296,25172.429650853315,22314.49646678117,25518.071102674225,22966.77233538274,26979.912086230062,27831.9
CGOA (0-500 m),2020,23454.720186043105,22026.31184860532,20449.674692452016,22956.2583979586,22032.526995357348,24716.723999419526,27831.9
CGOA (0-500 m),2021,23454.720186043105,19798.727202201375,18849.728442206004,21214.30090921039,21312.89672165634,22643.381613362562,27831.9
CGOA (0-500 m),2022,23454.720186043105,19798.727202201375,18849.728442206004,21214.30090921039,21312.89672165634,22643.381613362562,27831.9
CGOA (501-700 m),1984,4119.965057057342,4121.593125607713,4492.480492984294,4187.766644649866,4779.292230133292,4122.488355203083,4460.48
CGOA (501-700 m),1985,4342.81342011251,4348.3830889934725,4644.3763708711895,4361.612393964394,4856.46768524821,4267.3147793246635,4555.73
CGOA (501-700 m),1986,4577.715621544601,4587.652131687908,4801.408021246158,4542.674960050054,4934.889360637042,4417.229075458635,4653.02
CGOA (501-700 m),1987,4825.323651871411,4840.086912915543,4963.749090421485,4731.253932885412,5014.5773801198575,4572.409984755111,4752.38
CGOA (501-700 m),1988,5388.680020232211,5430.016284646715,5229.946365255852,5014.0473521275035,5130.126995414168,4720.812081404615,4874.91
CGOA (501-700 m),1989,6017.808224985691,6091.848634545999,5510.419339332548,5313.743714881213,5248.339190739169,4874.030715145806,5000.59
CGOA (501-700 m),1990,6720.387125740851,6834.347788449482,5805.933593700382,5631.353332843739,5369.275319240882,5032.222211462483,5129.51
CGOA (501-700 m),1991,7504.992088698653,7667.345742736977,6117.295766195117,5967.946905403059,5492.9981478100835,5195.547969536917,5261.76
CGOA (501-700 m),1992,8381.199653765518,8601.872857278779,6445.3557532438745,6324.659129091489,5619.571889658821,5364.174626921764,5397.42
CGOA (501-700 m),1993,7868.798681014641,8074.351028877057,6349.536018835223,6360.336816664241,5684.524693267474,5538.274229556565,5536.58
CGOA (501-700 m),1994,7315.406515969108,7499.483409669601,6246.220425738561,6340.096231804402,5748.647142410143,5718.024407302302,5679.32
CGOA (501-700 m),1995,6734.946692285016,6891.937007105808,6142.926180192852,6291.11560866435,5818.648545886519,5903.608555173099,5825.75
CGOA (501-700 m),1996,6686.896231660337,6832.284465737697,6264.053443819834,6381.557535505006,5938.286249214258,6095.216020449983,5975.95
CGOA (501-700 m),1997,6642.647586575151,6763.673175209693,6359.027384577133,6471.597243707073,6062.878868930101,6293.042295867601,6130.02
CGOA (501-700 m),1998,6848.024540313218,6945.211947672847,6576.1767726302905,6646.742915778741,6218.612670232693,6497.289219071006,6288.06
CGOA (501-700 m),1999,7159.6539938958,7216.019075025083,6890.6171296189605,6852.652060756318,6390.842533784118,6708.165178546019,6450.18
CGOA (501-700 m),2000,7707.574629854249,7815.627248294831,6952.03508074814,7041.543512791951,6482.807382758235,6900.269510492769,6547.76
CGOA (501-700 m),2001,8800.754331455846,8965.77683080999,7257.788139440097,7344.179069173933,6613.100353454083,7097.875208814743,6646.82
CGOA (501-700 m),2002,7923.734828611949,8055.846314248721,7096.29801679199,7266.011066799444,6655.519613796967,7301.1398182777875,6747.38
CGOA (501-700 m),2003,7103.523498898983,7193.651048536224,6898.953671229402,7175.037585530715,6680.868523399579,7510.225395318392,6849.46
CGOA (501-700 m),2004,6066.299818823842,6124.672053923863,6331.347536407541,6801.830186276992,6593.911579252062,7262.004201408278,6861.74
CGOA (501-700 m),2005,6555.4453565219,6579.735565887667,6548.494953979163,6828.612645098592,6625.090033930749,7021.986990449793,6874.03
CGOA (501-700 m),2006,6946.660238674875,6987.468799149349,6740.2076918492985,7130.6395753390125,6665.825577330062,7377.33761223025,6934.57
CGOA (501-700 m),2007,7756.367109960252,7791.709214012089,7019.736379718745,7566.402326693433,6733.9426608337135,7750.670902530527,6995.63
CGOA (501-700 m),2008,7427.928376792933,7468.7555937776015,6998.615965085203,7186.953946454479,6671.212847561529,7077.797005310022,6780.35
CGOA (501-700 m),2009,6517.123949779728,6541.462142157114,6681.6505185096175,6642.743134397309,6559.514614102356,6463.3386036323345,6571.69
CGOA (501-700 m),2010,6869.816234300326,6897.985437174337,6759.6531879983595,6778.757808654339,6556.132753564235,6590.910000767453,6498.9
CGOA (501-700 m),2011,6974.417179666154,6991.599522297677,6770.928666471442,6827.322302326009,6539.926357158631,6720.999363054183,6426.9
CGOA (501-700 m),2012,7208.391541381072,7239.017270574991,6777.815780415516,6759.48131922526,6491.31187525483,6587.382764085585,6236.24
CGOA (501-700 m),2013,7190.732299030778,7219.87550760128,6700.733034684443,6593.044951023235,6416.41047580349,6456.422525362768,6051.22
CGOA (501-700 m),2014,5993.300697113681,6017.018770434002,6174.138879425378,5819.31711302681,6198.86212527447,5696.3341153259535,5741.72
CGOA (501-700 m),2015,4952.813847907733,4968.676588621827,5662.807776061986,5109.569800957084,5974.224824198672,5025.72782774981,5448.06
CGOA (501-700 m),2016,4777.065282106484,4822.97867426131,5430.142453158861,5085.430445841693,5880.1517992405115,5090.686894325198,5424.94
CGOA (501-700 m),2017,4997.552270134784,5063.75719661279,5515.0514647195505,5156.969604941815,5828.000779699648,5156.485576668684,5401.93
CGOA (501-700 m),2018,5129.42364000636,5284.790330846423,5534.215504968993,5440.086678568335,5836.26384964101,5562.102075911618,5478.7
CGOA (501-700 m),2019,5512.39158038913,5753.631601869649,5682.682827614558,5818.303072814409,5870.719885951437,5999.6249466573545,5556.57
CGOA (501-700 m),2020,5423.061745084124,6156.846967107783,5809.378744379986,6160.317016936908,5915.030279554807,6456.294704180082,5556.57
CGOA (501-700 m),2021,5423.061745084124,6638.029285477883,5948.69463701565,6569.655568293876,5973.003670925082,6947.724512420988,5556.57
CGOA (501-700 m),2022,5423.061745084124,6638.029285477883,5948.69463701565,6569.655568293876,5973.003670925082,6947.724512420988,5556.57
CGOA (701-1000 m),1984,6450.914620158841,6456.76395119501,5838.211571552774,6194.13166519364,5437.814415691174,6181.599438379042,5558.57
CGOA (701-1000 m),1985,5863.78115152419,5873.590805381112,5585.924267496839,5770.855501536272,5333.389507224257,5630.1650048773745,5399.39
CGOA (701-1000 m),1986,5330.0859517690815,5343.089697846626,5344.539083552119,5376.503926571013,5230.969919401763,5127.921713163931,5244.77
CGOA (701-1000 m),1987,4844.965308069421,4860.5033045679475,5113.584905155956,5009.100377706248,5130.517143107944,4670.48142879621,5094.58
CGOA (701-1000 m),1988,4930.765031990296,4956.194282018198,5122.820710308876,4960.752093029051,5107.080446432775,4538.3881284006475,5017.91
CGOA (701-1000 m),1989,5018.084187353249,5053.769172016511,5132.073196537472,4912.870470318069,5083.750810846335,4410.030768352,4942.39
CGOA (701-1000 m),1990,5106.949681842863,5153.265064020887,5141.3423939699715,4865.451005310274,5060.527747283238,4285.303686589944,4868.01
CGOA (701-1000 m),1991,5197.3888996531805,5254.719777686639,5150.628332788985,4818.489237218213,5037.410768912221,4164.104209450631,4794.75
CGOA (701-1000 m),1992,5289.4297099262485,5358.171877242138,5159.93104323167,4771.980748310328,5014.399391125913,4046.332567147111,4722.59
CGOA (701-1000 m),1993,4824.766223300948,4889.336071944598,4898.43347364797,4542.626528509848,4941.463751685626,3931.891811640177,4651.52
CGOA (701-1000 m),1994,4374.457315807942,4433.055600431666,4645.071368334676,4297.163836926573,4868.42502479961,3820.6877368320465,4581.52
CGOA (701-1000 m),1995,3943.1205125281335,3994.194396580741,4403.929093887154,4052.3984398914836,4800.0680054143,3712.6288010171347,4512.57
CGOA (701-1000 m),1996,3714.9784548478365,3760.371861482873,4285.086903833392,3876.1899122861037,4764.986618360854,3607.626051526189,4444.66
CGOA (701-1000 m),1997,3501.049251172912,3537.510811775954,4156.698068091612,3707.0510782103092,4731.724180110808,3505.5930515016153,4377.77
CGOA (701-1000 m),1998,3364.570889907841,3392.137953436577,4081.2928008001213,3571.16418363563,4715.58507080152,3406.445808743821,4311.89
CGOA (701-1000 m),1999,3255.8132789991496,3271.4830855874593,4040.0403339559625,3447.2983099784237,4706.480882306543,3310.102706569967,4247
CGOA (701-1000 m),2000,3682.7289884506554,3715.63149482658,4282.633862364412,3854.2162407813935,4879.4441536561,3757.0347739369936,4527.49
CGOA (701-1000 m),2001,4284.5047277746635,4336.964325813227,4636.359363114599,4344.427856635533,5080.174942037942,4264.311879071127,4826.5
CGOA (701-1000 m),2002,4440.1135605338195,4497.959161591723,4813.4848298893185,4746.454358632755,5234.57456962292,4840.081845431458,5145.26
CGOA (701-1000 m),2003,4590.307952367739,4648.854720057691,4978.087324664729,5179.255299101613,5382.680405357327,5493.592620523355,5485.07
CGOA (701-1000 m),2004,4945.804721805599,4999.717833002167,5097.566252256112,5706.329382223074,5527.080230131356,6235.340815311839,5847.32
CGOA (701-1000 m),2005,6456.215091260629,6501.1072536842485,5747.4561297560795,6596.9050861456635,5760.754984861439,7077.240299516384,6233.5
CGOA (701-1000 m),2006,6646.439240650819,6697.8345647950855,5947.883558588975,6786.4431154600425,5854.019155436417,7131.593126837573,6408.61
CGOA (701-1000 m),2007,7193.282469183097,7231.09563097861,6219.616792249959,7088.803376362179,5969.921946892068,7186.363380968194,6588.64
CGOA (701-1000 m),2008,7035.636616625367,7108.3364243049455,6205.122813240902,6827.842393831124,5963.746505054973,6524.340092975262,6520.9
CGOA (701-1000 m),2009,6333.833148793577,6412.598554047127,5957.322716815173,6408.161715586525,5917.630374942399,5923.303817551952,6453.86
CGOA (701-1000 m),2010,7164.344392419092,7294.055547551879,6179.539580079304,6744.488366824876,6013.41391190099,6112.247848370101,6548.33
CGOA (701-1000 m),2011,7792.198315161445,7956.530071986375,6352.062255261799,7006.336856040712,6099.775963916347,6307.218895171474,6644.18
CGOA (701-1000 m),2012,8330.121731494724,8498.587256803929,6557.921093629096,7229.694831107346,6188.10934249471,6508.409210241049,6741.43
CGOA (701-1000 m),2013,8547.738184364713,8687.380028396514,6689.353472686531,7341.877388189033,6252.967827820633,6716.017178407911,6840.1
CGOA (701-1000 m),2014,7882.496338168655,7947.33503220055,6603.717620170887,7242.888784412749,6267.070677331505,6930.247512663629,6940.22
CGOA (701-1000 m),2015,7187.880014875296,7182.591443353226,6487.167769863109,7098.827533955939,6265.867140217814,7151.311456020728,7041.81
CGOA (701-1000 m),2016,6254.967655211439,6145.181833681748,5995.487259320193,6610.758935493076,6136.325427705148,7151.311456020728,7041.81
CGOA (701-1000 m),2017,6054.150518788064,5810.519300015893,5904.067531887861,6307.772881074808,6053.289151391321,7151.311456020728,7041.81
CGOA (701-1000 m),2018,5397.110715143719,5037.063952307996,5525.656130834448,5952.631480543431,5936.942053942963,7151.311456020728,7041.81
CGOA (701-1000 m),2019,5049.767304566452,4546.09785117364,5291.658315730546,5702.753020638809,5849.3661977838265,7151.311456020728,7041.81
CGOA (701-1000 m),2020,4974.650271182454,4263.015326228727,5118.618431914001,5539.501459954958,5784.192975999481,7151.311456020728,7041.81
CGOA (701-1000 m),2021,4974.650271182454,4018.4202544594878,4958.431613035078,5415.940710370322,5732.254614198213,7151.311456020728,7041.81
CGOA (701-1000 m),2022,4974.650271182454,4018.4202544594878,4958.431613035078,5415.940710370322,5732.254614198213,7151.311456020728,7041.81
EGOA (0-500 m),1984,8019.473462229437,7995.428029381582,9147.183096002625,8336.294197968056,9970.784120599821,8357.985889106443,8093.92
EGOA (0-500 m),1985,9657.647358056713,9647.709564804718,10211.024011349402,9804.424800705317,10775.40472140652,9816.76103702663,9693.37
EGOA (0-500 m),1986,11630.458400027,11641.440521355518,11398.59236073653,11531.112433161978,11644.956455352982,11530.145962999086,11608.9
EGOA (0-500 m),1987,14006.264422350638,14047.182546482616,12724.27796289855,13561.892375028192,12584.679123715203,13542.579413579315,13903
EGOA (0-500 m),1988,13461.590746839525,13486.773879414388,12878.737761076864,13266.337182451785,12904.188541246513,13271.260205772996,13444.3
EGOA (0-500 m),1989,12938.09826596025,12948.722569281352,13035.072544171639,12977.223043191781,13231.80990719441,13005.376750660182,13000.7
EGOA (0-500 m),1990,12434.96328834275,12432.136675186575,13193.305072593532,12694.409586959067,13567.749173883025,12744.820145492806,12571.8
EGOA (0-500 m),1991,13408.764836150474,13451.950771103491,14064.012442998926,13867.318002091182,14392.595756112458,14009.403088263969,13872.8
EGOA (0-500 m),1992,14458.82631593578,14555.42070329404,14992.183149596971,15148.598070183092,15267.588598822951,15399.462106875504,15308.4
EGOA (0-500 m),1993,17601.354463859894,17828.18401173487,18636.98085969398,17050.744550325962,16957.081688874146,16927.447349969934,16892.6
EGOA (0-500 m),1994,15908.146107826175,16072.080359387026,16360.695843515367,17815.14945855254,17352.85157381504,18933.26409326425,18994.1
EGOA (0-500 m),1995,19804.23357230858,20167.350567278405,20019.197901848565,20570.232212211016,19562.29179437452,21176.75995760381,21357
EGOA (0-500 m),1996,24070.76681076365,24403.72697896529,23801.364449828507,23836.679987359308,22089.221774122907,23686.09871456422,24013.8
EGOA (0-500 m),1997,26748.098429547812,27424.834191760103,26708.336962495257,25231.12892518184,23637.196958465272,24201.341852835343,24487.5
EGOA (0-500 m),1998,23989.6600486002,24372.133485761282,23837.993887241548,24943.805020703265,23576.74123371712,24727.79306275789,24970.4
EGOA (0-500 m),1999,25507.76107740666,25791.503555093495,25140.735457957624,25572.149129687186,24199.24054375617,25265.696153246157,25462.9
EGOA (0-500 m),2000,26079.11597432795,26639.53295092337,25978.9612455062,25640.44363745861,24372.431841304773,24574.2410067091,24702.6
EGOA (0-500 m),2001,29210.359539262303,30113.42870770424,29133.056321894546,25923.57106766604,24660.043433819985,23901.70915509226,23965
EGOA (0-500 m),2002,22743.229204878062,23318.01105374703,22686.85169191358,23488.695529286324,22463.68302498236,23247.58271796272,23249.5
EGOA (0-500 m),2003,21425.41370965018,21665.862579355635,20528.28265277467,22152.143944800784,21143.05060766184,22611.357987902546,22555.3
EGOA (0-500 m),2004,17905.085030681075,18129.362837108296,17645.742496213603,20827.2119013161,20055.827646457208,22725.18960551874,22688.8
EGOA (0-500 m),2005,22049.747140409996,22250.268227283665,21041.84350842258,22492.452025891856,21471.02119316874,22839.594281912563,22823
EGOA (0-500 m),2006,23381.55635384151,23878.53272018011,23336.44393632701,23549.07995661241,22866.892408642983,23518.29934758603,23672.6
EGOA (0-500 m),2007,24486.475120297142,24963.115590224934,24665.820636798206,24605.73318034841,24182.86552665321,24217.172922405727,24553.9
EGOA (0-500 m),2008,26134.88660561951,26854.006555980122,27607.604888202033,23861.13673753463,25297.971632087832,22289.92730754526,22347.5
EGOA (0-500 m),2009,20655.249593493023,20881.990700893934,23436.08534108578,20947.506588117736,24449.851700262458,20516.055320229996,20339.3
EGOA (0-500 m),2010,27851.611187938208,28569.810045405135,29894.82564643415,24485.767589824263,26797.032070648,22257.74883256269,22249.2
EGOA (0-500 m),2011,26009.35511726405,26410.915435187104,27824.99182033375,25368.04570256106,26915.121128937782,24147.30197207778,24338.4
EGOA (0-500 m),2012,27909.249103873655,28629.395365356348,29509.332723710202,26490.17089053747,27674.188429125425,24364.66292049508,24518.3
EGOA (0-500 m),2013,30545.902164453197,31333.47636845111,33195.45692749085,26749.83357011797,28267.841008202693,24583.980434575555,24699.5
EGOA (0-500 m),2014,27344.47892295523,28131.32480197868,28578.71593386398,26046.81868610793,26989.34385557728,24082.68119019379,24087
EGOA (0-500 m),2015,24423.588544987415,24927.353241690278,25637.610640006464,24527.88641335558,25651.526653753703,23591.60408754727,23489.8
EGOA (0-500 m),2016,27153.747912105264,28078.78917871725,27799.237702765597,26079.973462572845,25920.392946795055,24527.103690682907,24763.6
EGOA (0-500 m),2017,27533.002799956314,28344.538564053364,27987.387208931395,26623.360197255442,25507.122323284548,25499.699521112758,26106.5
EGOA (0-500 m),2018,27509.91108724312,28846.75275585009,27960.42190852946,25215.82666521461,24049.545718071004,23864.1765225814,24556.3
EGOA (0-500 m),2019,22768.067661899848,24002.191242789166,23300.066307671048,22225.361712568047,21141.649159887682,22333.55419068379,23098.2
EGOA (0-500 m),2020,15973.437874112242,17030.06389936254,16123.923447521092,18960.41671047182,17726.016756545127,20984.596730311932,23098.2
EGOA (0-500 m),2021,15973.437874112242,15154.339606803567,13217.38200032839,17912.661490442726,16117.878171858169,19717.11695210192,23098.2
EGOA (0-500 m),2022,15973.437874112242,15154.339606803567,13217.38200032839,17912.661490442726,16117.878171858169,19717.11695210192,23098.2
EGOA (501-700 m),1984,3659.7538031516615,3693.7987514354754,3817.6344174205615,3694.4730301478207,3856.204338720546,3694.457661697208,3659.21
EGOA (501-700 m),1985,3836.2483675407416,3890.7514677957356,3919.3036509222934,3809.403493694007,3918.727907144296,3806.0957767345844,3809.82
EGOA (501-700 m),1986,4021.2545239478673,4098.205669237332,4023.680486019836,3927.9093010965776,3982.2652176483634,3921.107341915478,3966.63
EGOA (501-700 m),1987,4215.182750729297,4316.721293145006,4130.837030135947,4050.10167685858,4046.8327068026842,4039.5942952372106,4129.89
EGOA (501-700 m),1988,4155.589939547365,4295.03951717798,4051.6270023677257,3994.8743125244428,4008.0075672883404,3984.244496006954,4053.07
EGOA (501-700 m),1989,4096.839631135682,4273.466643170844,3973.935850423774,3940.400030955781,3969.5549144981883,3929.6530898357328,3977.68
EGOA (501-700 m),1990,4038.919914478395,4252.002124137175,3897.7344494087333,3886.668563082946,3931.471174810563,3875.8096853573643,3903.69
EGOA (501-700 m),1991,3981.8190469535384,4230.645415837926,3822.9942329057767,3833.6697798657524,3893.7528088889726,3822.704033586307,3831.08
EGOA (501-700 m),1992,3925.525451952309,4209.395976767641,3749.6871822676035,3781.393690384058,3856.3963113531695,3770.326025966789,3759.81
EGOA (501-700 m),1993,3999.5716596171337,4341.143795907262,3821.928014126957,3757.784643179482,3863.9712576887473,3718.665692448663,3689.88
EGOA (501-700 m),1994,3655.0472859867823,3918.1684548058374,3584.174477184597,3645.3095667709945,3797.703317325286,3667.7131995896266,3621.24
EGOA (501-700 m),1995,3595.207951406981,3833.2995211801626,3614.848463576144,3609.2596337392147,3812.469122742556,3617.4588486834473,3553.88
EGOA (501-700 m),1996,3520.9985636140855,3724.474770715092,3626.901756924854,3575.8146416258824,3828.515046773733,3567.893073913833,3487.77
EGOA (501-700 m),1997,3455.5414387143587,3613.8741019741115,3620.6113540888896,3537.8128594786313,3830.7116068250084,3519.006440533597,3422.9
EGOA (501-700 m),1998,3298.6981294814755,3399.759559131827,3503.888299452154,3466.8513072709184,3789.493283458655,3470.789643068772,3359.23
EGOA (501-700 m),1999,3223.539593865021,3277.190564616751,3475.145962194996,3414.511446203047,3766.00356458886,3423.233503547332,3296.74
EGOA (501-700 m),2000,3487.2893534579343,3551.272209128428,3700.51660343611,3676.39409013466,3939.5743398574627,3684.565759394827,3588.92
EGOA (501-700 m),2001,3818.927377065144,3894.8410452513745,3986.6792786154983,3963.0841882503805,4124.210334034626,3965.8483189173558,3906.99
EGOA (501-700 m),2002,3987.928764490504,4067.661605941111,4085.8973278405233,4201.137109277967,4242.332813634,4268.6042035094215,4253.25
EGOA (501-700 m),2003,4305.913745198672,4385.383777177375,4302.336172984517,4485.50402135881,4390.867130717556,4594.472703180056,4630.2
EGOA (501-700 m),2004,4320.7870085284385,4394.463443154453,4311.716313643576,4613.112647545966,4468.775919068926,4780.724211580145,4815.13
EGOA (501-700 m),2005,4760.945667077201,4831.984698472733,4680.926223409511,4892.250519875174,4672.329610151836,4974.526015002628,5007.43
EGOA (501-700 m),2006,4946.842249483343,5024.879230188114,4873.026168727221,5057.448302733521,4806.502323938014,5083.094270760873,5103.18
EGOA (501-700 m),2007,5126.451259221368,5196.736490999621,5022.310067886205,5225.963204823151,4937.225238257663,5194.032011797291,5200.76
EGOA (501-700 m),2008,5777.1194613640355,5876.363527905313,5328.5688139224885,5628.677204156474,5094.360139542114,5494.390824405651,5585.44
EGOA (501-700 m),2009,6092.032989508575,6189.329320601916,5359.71256452484,5921.783783439399,5173.346975290368,5812.118689824361,5998.59
EGOA (501-700 m),2010,5533.191219126504,5610.77216603349,5145.033652589349,5337.305925902559,4973.011201485936,5158.80143020924,5226.53
EGOA (501-700 m),2011,4671.901564484362,4709.391082062624,4678.198721136178,4685.62951944479,4703.634932870361,4578.920978149043,4553.84
EGOA (501-700 m),2012,4262.4885379024345,4290.284845372553,4438.233297642001,4303.470117368812,4525.908915025988,4206.258356765915,4154.14
EGOA (501-700 m),2013,3900.7140308785206,3914.101195139711,4248.064383227322,3931.0091513458988,4350.209251168948,3863.9254637268396,3789.53
EGOA (501-700 m),2014,4026.671719974508,4063.342871310623,4217.546965060782,4055.2128560848755,4336.384691909155,3980.5270234724517,3931.14
EGOA (501-700 m),2015,4155.320104202385,4210.291879925913,4212.753723635865,4161.60996365183,4319.440778745549,4100.647264896247,4078.04
EGOA (501-700 m),2016,4216.901178377937,4276.120859767734,4256.610042805605,4215.3669953479175,4316.710432685956,4159.680097583297,4126.46
EGOA (501-700 m),2017,4218.625911038633,4271.0733170943495,4252.33278709497,4241.797400215287,4294.985672796653,4219.562765701172,4175.45
EGOA (501-700 m),2018,4098.023196106239,4197.469903237238,4219.060655804995,4198.550531699613,4256.974673312141,4204.807752168204,4055.31
EGOA (501-700 m),2019,3870.727960239027,4005.990713668245,4073.0400774440454,4106.275883125284,4167.3212172785725,4190.104334129,3938.63
EGOA (501-700 m),2020,3575.504722847303,3838.4661129001897,3891.012680984902,4195.967478469352,4125.552983607175,4442.767288580849,3938.63
EGOA (501-700 m),2021,3575.504722847303,3870.5630200173255,3872.2048716218774,4385.535970870716,4162.03273750588,4710.665798871335,3938.63
EGOA (501-700 m),2022,3575.504722847303,3870.5630200173255,3872.2048716218774,4385.535970870716,4162.03273750588,4710.665798871335,3938.63
EGOA (701-1000 m),1984,814.0000081246429,827.3066180221255,891.1737199992882,836.026308246771,969.6856936457442,836.8506221494013,814
EGOA (701-1000 m),1985,833.2163465120407,878.5688236278921,937.0787128907693,885.6599421195732,1018.4512240446879,886.9385547526707,837.962
EGOA (701-1000 m),1986,852.886330670118,933.0073772361084,985.3483046534657,938.2402507406692,1069.669174821362,940.024395137889,862.629
EGOA (701-1000 m),1987,873.0206699484455,990.8190941518014,1036.1042974589834,993.9421737909698,1123.4628782897985,996.28757676541,888.023
EGOA (701-1000 m),1988,930.857765297802,1052.2129849005041,1089.4747675955193,1052.951036859089,1179.961869150791,1055.918272707692,947.608
EGOA (701-1000 m),1989,992.5265334970671,1117.4110108778384,1145.5943886520743,1115.4631680371733,1239.3021964101608,1119.1180384461722,1011.19
EGOA (701-1000 m),1990,1058.2808205725687,1186.6488868212346,1204.6047713501143,1181.6865511231179,1301.6267509834042,1186.1004931413995,1079.04
EGOA (701-1000 m),1991,1128.3912896975041,1260.1769330050224,1266.6548208802053,1251.841517602411,1367.0856097755902,1257.0920416791562,1151.45
EGOA (701-1000 m),1992,1203.1465353178305,1338.2609802398777,1331.9011126453088,1326.1614797119191,1435.8363970650505,1332.3326399331308,1228.71
EGOA (701-1000 m),1993,1295.865698565822,1437.4758214236879,1419.7640701348043,1408.5774757995748,1514.5734342599987,1412.0766058307781,1311.15
EGOA (701-1000 m),1994,1347.401084805509,1477.359340850967,1467.303598401398,1482.6466845456841,1585.6116333534683,1496.593478963817,1399.13
EGOA (701-1000 m),1995,1439.502522637287,1565.2101383961058,1562.2768214453756,1573.6451959864016,1674.725804977138,1586.1689316489073,1493.01
EGOA (701-1000 m),1996,1535.2232847134323,1653.6183331090572,1659.668349264322,1670.6869116720613,1769.096560790543,1681.1057345179465,1593.19
EGOA (701-1000 m),1997,1638.8030291930736,1745.9768586500265,1759.0496923475228,1772.5740349373323,1865.6562038975644,1781.724779901738,1700.09
EGOA (701-1000 m),1998,1726.5519173140776,1816.150684732225,1836.482604837222,1871.6715323907188,1956.6005674724931,1888.3661664661383,1814.17
EGOA (701-1000 m),1999,1841.418011945503,1913.8866076429795,1942.1367989914083,1981.7042229768242,2056.8579274209774,2001.3903487668172,1935.9
EGOA (701-1000 m),2000,1939.2827573454954,2012.573986037502,2057.728626050554,2111.194380674894,2178.1416604574238,2137.333151636716,2070.02
EGOA (701-1000 m),2001,2056.2520573829606,2130.824925974709,2194.370056880849,2250.686109283196,2307.5254202389197,2282.509758228868,2213.43
EGOA (701-1000 m),2002,2125.172686188709,2196.4314725853,2276.682032349632,2376.6681796357634,2420.6900360640934,2437.5473671104724,2366.77
EGOA (701-1000 m),2003,2235.86477889351,2303.2620540635626,2397.9321519598248,2519.8926298127876,2548.3672674538975,2603.1157787985376,2530.74
EGOA (701-1000 m),2004,2384.972305893657,2439.060564127863,2525.6475583592746,2682.248233436968,2690.8449275438225,2779.9302894624757,2706.07
EGOA (701-1000 m),2005,2678.856871288808,2719.4522718478984,2787.7611863196844,2906.4814290352633,2887.7818600419296,2968.7547811791032,2893.55
EGOA (701-1000 m),2006,3234.414101042624,3275.956975969104,3202.973865700072,3366.9484466762533,3191.591131299099,3397.085793857877,3385.35
EGOA (701-1000 m),2007,3898.453845629122,3932.181150331002,3655.8134682188283,3899.2430731478253,3523.9024982250157,3887.216271277072,3960.75
EGOA (701-1000 m),2008,4445.626446452464,4456.833410515954,3985.255631332491,4300.842856358537,3753.1384428254837,4226.643025340411,4366.13
EGOA (701-1000 m),2009,4817.011800066585,4786.597295581215,4174.407335312927,4659.483909267914,3950.6054861263406,4595.708089529503,4813.01
EGOA (701-1000 m),2010,5065.2291813963075,5132.453583783615,4253.83119950028,4646.663877284648,3966.4955788856755,4439.70737227568,4603.62
EGOA (701-1000 m),2011,4982.0222131337605,5129.047831950641,4144.66783289151,4528.967622634427,3931.3364062828414,4289.002079211031,4403.34
EGOA (701-1000 m),2012,4890.98110754172,5071.382150469043,4080.7736544439636,4392.866588373698,3897.7983576362803,4143.412457845729,4211.78
EGOA (701-1000 m),2013,4818.26867821167,5022.895994194289,4050.7434806100596,4237.23050333124,3860.962601626843,4002.764857364966,4028.55
EGOA (701-1000 m),2014,4214.938183801792,4341.681478711551,3821.3279969879513,3992.0255254297535,3772.4966253463845,3866.8915215084107,3853.29
EGOA (701-1000 m),2015,3685.876914825681,3745.2662048593297,3624.794869620972,3741.7769256582073,3683.7108590586395,3735.6303884803065,3685.65
EGOA (701-1000 m),2016,3672.9761044925795,3462.1084912454303,3467.1937046849807,3647.1472741187213,3611.5188811935004,3735.6303884803065,3685.65
EGOA (701-1000 m),2017,3614.8078242734264,3157.3898240170947,3285.8934863592503,3534.7172082369116,3527.6927703510823,3735.6303884803065,3685.65
EGOA (701-1000 m),2018,3560.5755399667773,2869.349917032698,3110.172252041114,3416.528053893067,3435.8457308509646,3735.6303884803065,3685.65
EGOA (701-1000 m),2019,3422.694167734583,2555.865149248817,2885.0521497421396,3270.2674547347024,3313.0770253439487,3735.6303884803065,3685.65
EGOA (701-1000 m),2020,3188.882245275535,2203.3890735646714,2608.1562942404885,3115.922245376171,3177.351301451234,3735.6303884803065,3685.65
EGOA (701-1000 m),2021,3188.882245275535,1956.0046812929602,2423.330133696923,3019.0639076711127,3091.8103041043532,3735.6303884803065,3685.65
EGOA (701-1000 m),2022,3188.882245275535,1956.0046812929602,2423.330133696923,3019.0639076711127,3091.8103041043532,3735.6303884803065,3685.65
WGOA (0-500 m),1984,9371.990777323606,9370.955846663393,8784.897787757742,9325.584982930775,8382.61806060096,9293.503999970335,8423.94
WGOA (0-500 m),1985,8577.149479173495,8574.761620715102,8085.260468235766,8496.591249777613,7849.373155431987,8422.138206462016,7905.99
WGOA (0-500 m),1986,7849.7189056234965,7846.215269306643,7441.342906722832,7741.290546162555,7350.049648903986,7632.472312808363,7419.89
WGOA (0-500 m),1987,7183.981933265845,7179.5691560188925,6848.707530570975,7053.131962970947,6882.489693328953,6916.846076105634,6963.68
WGOA (0-500 m),1988,5294.061068514129,5293.6014166293635,5626.948496221637,5355.565809911059,6089.096633038545,5259.024520428477,6399.37
WGOA (0-500 m),1989,3901.3297719160355,3903.0497999518975,4623.1422845547095,4066.5742956277704,5387.163578671157,3998.5476909788026,5880.79
WGOA (0-500 m),1990,2874.9902564894865,2877.775741303264,3798.407715583233,3087.820612951283,4766.147291191684,3040.1804697668986,5404.24
WGOA (0-500 m),1991,3373.1559505387922,3372.256141013008,4254.032813787239,3545.9148493770904,5156.301658510024,3322.135204328762,5421.23
WGOA (0-500 m),1992,3957.6416097314386,3951.7017665350922,4764.310873352329,4071.969746654226,5578.393861786326,3630.2391998086614,5438.27
WGOA (0-500 m),1993,3923.036334887304,3924.00734753275,4482.228236151707,4062.813414361042,5317.134781317866,3966.9176108954225,5455.37
WGOA (0-500 m),1994,4862.460309498812,4865.708316625128,5154.867426375152,5011.819503008591,5816.633681778567,4930.361072338209,5986.37
WGOA (0-500 m),1995,5931.112071003056,5939.871496582055,5886.345755035856,6092.42613825936,6278.246698609635,6127.795605551033,6569.05
WGOA (0-500 m),1996,7671.358162799791,7678.945289354811,6944.352006912238,7541.4429822545335,6751.194174561756,7616.0505148566535,7208.45
WGOA (0-500 m),1997,4970.357460042133,5021.128760500842,5105.702815364631,5740.364467731366,5897.928163888371,7564.214820726424,7484.76
WGOA (0-500 m),1998,5868.230753766511,5948.611160318258,5824.444024503506,6062.589063750608,6054.719127941069,7512.731926145084,7771.66
WGOA (0-500 m),1999,5830.772689453557,5891.40731273685,5731.861912258689,6235.070878703861,6149.934495569175,7461.599429919329,8069.56
WGOA (0-500 m),2000,5845.278095676919,5916.538492422189,5919.622089930792,6408.43581014417,6482.590112377794,8222.4975685379,8629.43
WGOA (0-500 m),2001,8153.117463156563,8194.394888623985,7549.402193861683,8315.173276605725,7613.357610656047,9060.988451552756,9228.15
WGOA (0-500 m),2002,11098.307355804785,11175.395701356803,9481.854024401233,10817.560286497206,8887.170469184164,11140.940008837706,10073.2
WGOA (0-500 m),2003,11840.497479768901,11904.74943305529,9940.951122384227,12210.13421814481,9609.738110144413,13698.34482674465,10995.7
WGOA (0-500 m),2004,8605.424955083918,8697.040596693965,8432.84469943179,9675.787418655233,8940.634874380241,12777.814990388033,10710.7
WGOA (0-500 m),2005,10778.668990518572,10819.396823157245,9375.93644064339,10939.458747649902,9322.515431022357,11919.14483053542,10433.1
WGOA (0-500 m),2006,7931.5127233967,8015.747330880982,8007.434322775573,8481.316927835716,8489.216804764874,9827.419614717433,9458.32
WGOA (0-500 m),2007,7882.2823269212195,7917.736665631543,8163.938747068696,7971.026502347927,8419.59914100872,8102.7773096867995,8574.62
WGOA (0-500 m),2008,9771.303388898008,9859.715291613147,9614.671042053493,9558.738944906572,9224.265888849946,8920.098761146628,8321.41
WGOA (0-500 m),2009,11178.505882692743,11250.940901410322,10836.836242803782,10792.23943971517,9902.618834037416,9819.862852887069,8075.68
WGOA (0-500 m),2010,8435.086234060607,8480.440218276655,9591.724084761367,7973.671352724156,9017.926021482814,6458.745435110522,6985.53
WGOA (0-500 m),2011,4323.7193006797725,4333.932787388417,6568.866885777457,4482.313673558544,7267.15278218736,4248.062648176051,6042.55
WGOA (0-500 m),2012,4876.592348514911,4903.320845753407,7244.653631550507,5405.9010617275035,7955.342585912993,5225.630188410955,6556.65
WGOA (0-500 m),2013,7089.821130799675,7117.799125242304,10198.095294563866,7268.122733915592,9582.843905346434,6428.15634504744,7114.49
WGOA (0-500 m),2014,9032.698179353521,9134.518464229683,12164.863399851538,9386.321113258868,11243.805714270504,7776.367341538077,7922.7
WGOA (0-500 m),2015,10054.98383086068,10155.528248725444,12381.649887758935,10230.91904095852,11925.358469732686,9407.345712294386,8822.72
WGOA (0-500 m),2016,11579.664474502753,11918.79165489432,13825.050813322574,11914.624325714467,12989.538550698564,10408.078197483386,9456.09
WGOA (0-500 m),2017,12022.503652978272,12311.092361579711,13634.158750841865,12310.932588435087,13085.300369972378,11515.26637565322,10134.9
WGOA (0-500 m),2018,11561.747335000047,12044.79639409196,13216.753235078617,12003.069384368064,12723.700040755728,11165.984972531292,10310.3
WGOA (0-500 m),2019,10816.249992220175,10987.342021193868,11809.15278248388,10977.90397950929,11731.632976252844,10827.297983345352,10488.7
WGOA (0-500 m),2020,8108.223344987902,8402.149536374638,9223.666407304112,8978.927520071134,10092.393241859943,10707.161280503256,10488.7
WGOA (0-500 m),2021,8108.223344987902,7197.866904994353,7635.696173677781,8126.819351267964,9024.712480030284,10588.35758127774,10488.7
WGOA (0-500 m),2022,8108.223344987902,7197.866904994353,7635.696173677781,8126.819351267964,9024.712480030284,10588.35758127774,10488.7
WGOA (501-700 m),1984,3099.9365602330486,3101.9546542984317,3313.468510330768,3118.2786798652705,3470.017772150018,3014.2300800116677,3286.93
WGOA (501-700 m),1985,3217.013679253942,3223.528427621671,3517.479662800772,3246.875629711321,3636.953183242618,2948.2084147973,3338.63
WGOA (501-700 m),1986,3338.5125183752043,3349.866997341779,3734.0518371131066,3380.7758821827815,3811.9195132833256,2883.632843663999,3391.14
WGOA (501-700 m),1987,3464.6000752886825,3481.1571083798267,3963.9584187803443,3520.1981440123686,3995.303113249033,2820.471692341137,3444.48
WGOA (501-700 m),1988,4474.534718582558,4508.207436332823,4847.111778485418,4381.861856442028,4505.304014429886,2975.0156092512093,3564.65
WGOA (501-700 m),1989,5778.866395173309,5838.269763833078,5927.028013669479,5454.441069347395,5080.406589209098,3138.0275502576665,3689.02
WGOA (501-700 m),1990,7463.412156480555,7560.742116829962,7247.545070190185,6789.5630564539715,5728.9210736970435,3309.971509243475,3817.73
WGOA (501-700 m),1991,9639.004816589326,9791.397737619307,8862.267804926089,8451.492263180704,6460.218506597813,3491.3369040064445,3950.92
WGOA (501-700 m),1992,12448.785073936597,12680.166599367225,10836.744012710016,10520.223596230699,7284.866140782145,3682.6399693281087,4088.77
WGOA (501-700 m),1993,9460.761999558566,9652.4124792314,8913.65464038882,9107.08591589105,6962.54394143664,3884.4252263739495,4231.42
WGOA (501-700 m),1994,8533.233204260703,8725.865200692535,8186.168143933874,8224.825647545698,6646.899470217986,4097.267032607372,4379.05
WGOA (501-700 m),1995,7483.38273029861,7670.308261285432,7433.444329230085,7251.271896664395,6249.008139714831,4321.771216629179,4531.84
WGOA (501-700 m),1996,7066.4394991686195,7260.437801510606,7033.609599583789,6532.325837945033,5853.103375677944,4558.5768025957905,4689.95
WGOA (501-700 m),1997,4548.763184413068,4648.263309187291,4808.304240859016,4982.850861599979,4951.145368334221,4808.357829124646,4853.58
WGOA (501-700 m),1998,5070.903066801991,5159.00177202678,4971.282322233712,5050.705659936236,4795.696594114204,5071.825267864067,5022.91
WGOA (501-700 m),1999,4870.275738032647,4901.831247796004,4530.90549995013,5007.444669264049,4606.170011290811,5349.7290471885035,5198.16
WGOA (501-700 m),2000,3924.6086193421515,3981.071402696363,4043.8573670814935,4325.996435963486,4356.791818523826,5480.739935505848,5286.05
WGOA (501-700 m),2001,3947.7222348170485,4013.9766258253703,4168.6460676403285,4373.979553156418,4431.465157862145,5614.959183107615,5375.42
WGOA (501-700 m),2002,4577.6702377397205,4638.257038392488,4604.6401879681935,4869.575862441372,4667.700278410613,5752.465360328151,5466.3
WGOA (501-700 m),2003,4800.59835127338,4837.327545431115,4659.087859566283,5085.643043062622,4722.812924141435,5893.338961630895,5558.73
WGOA (501-700 m),2004,4677.455108716664,4714.002386115625,4466.40681602008,5081.153106539897,4609.821345082304,6045.4330185169965,5608.2
WGOA (501-700 m),2005,6126.5115990146705,6130.265962391293,4941.352881586729,6118.301394298755,4771.928287626326,6201.452286949673,5658.11
WGOA (501-700 m),2006,3888.272750182059,3907.839475256426,3922.566350550745,4042.1113215795044,4096.483991980271,4285.679845530143,4639.15
WGOA (501-700 m),2007,2859.4190346642004,2866.1124844673063,3396.0878824517386,2926.986638216187,3664.5959729250876,2961.7339436820066,3803.7
WGOA (501-700 m),2008,3871.901212856275,3888.0479524024327,4026.8775951143352,3850.3288156050708,4012.15795202401,3677.7839937026733,3832.25
WGOA (501-700 m),2009,5078.713487097893,5095.764057105788,4687.835221237905,4943.462786888747,4354.04276406487,4566.951441803049,3861.01
WGOA (501-700 m),2010,4926.710692385331,4946.288612256466,4504.219955106774,4703.2858798840425,4157.200063317509,3850.8882812256156,3567.9
WGOA (501-700 m),2011,3813.048948221022,3827.502873738399,3836.6647024464896,3808.5036494109017,3751.724202346606,3247.0983638543125,3297.04
WGOA (501-700 m),2012,3010.9702437535348,3022.135933639779,3336.6164855967395,3161.0378883434278,3466.9178716848623,2992.617013186791,3081.61
WGOA (501-700 m),2013,2781.113111910724,2782.467504125034,3246.8821277313014,2795.746848905548,3340.101263558749,2758.079855943919,2880.26
WGOA (501-700 m),2014,2877.3513229428713,2889.5417889521045,3317.0398094549582,2920.6966136737906,3422.2655344505056,2782.583777922678,2913.32
WGOA (501-700 m),2015,2851.6377421926145,2867.563660619218,3245.2115542243587,2894.386434373412,3400.305236309738,2807.3054028773126,2946.75
WGOA (501-700 m),2016,3120.8861884077396,3176.396903828198,3535.1900360576205,3203.1138050425016,3630.080111226434,3023.6721059925258,3048.31
WGOA (501-700 m),2017,3321.46087503812,3400.7504440228663,3730.7229290720793,3432.5800494608425,3791.6804574013163,3256.7147825052093,3153.36
WGOA (501-700 m),2018,4187.475013938464,4337.193923739636,4319.620742928375,4233.422186397822,4150.688843429447,3926.241253205242,3298.95
WGOA (501-700 m),2019,5226.826136146207,5393.7738578654,4869.985603742224,5104.657992370384,4465.581368153813,4733.41124656685,3451.25
WGOA (501-700 m),2020,4460.556476352592,4525.926924046411,4312.250289355303,4486.825353786588,4215.722643032266,4536.634888024091,3451.25
WGOA (501-700 m),2021,4460.556476352592,4037.261237362845,3923.646735928774,4148.530669089481,4044.6886650279703,4348.038874113215,3451.25
WGOA (501-700 m),2022,4460.556476352592,4037.261237362845,3923.646735928774,4148.530669089481,4044.6886650279703,4348.038874113215,3451.25
WGOA (701-1000 m),1984,1345.226523538755,1343.166974519688,1170.9612607195415,1258.4852411988331,1048.3345826054763,1220.509359354245,756.893
WGOA (701-1000 m),1985,1022.382957149529,1021.3363622531567,986.9133421287086,979.4938598200288,944.1660988836595,960.0393293272056,714.756
WGOA (701-1000 m),1986,777.0192549579947,776.6182348501612,831.7934824531662,762.3515874617686,850.3483878835953,755.1564490604788,674.965
WGOA (701-1000 m),1987,590.5408715524721,590.5359928351224,701.054862587251,593.3472038428747,765.8529379853635,593.9978135658978,637.388
WGOA (701-1000 m),1988,648.9955196479702,647.8994414740506,757.8001261381761,654.8251632671243,824.9124986832345,647.7117969642308,690.968
WGOA (701-1000 m),1989,713.2362971183674,710.8350572284043,819.1385037338134,722.6729841662248,888.5264999751456,706.2830238517206,749.052
WGOA (701-1000 m),1990,783.8359435871822,779.8841089217804,885.4417743616533,797.550661367409,957.0461623727217,770.1507246264928,812.018
WGOA (701-1000 m),1991,861.4238912706987,855.6404431151838,957.1118097989975,880.1865731586327,1030.8497911294432,839.7938483754865,880.278
WGOA (701-1000 m),1992,946.6918766904153,938.7555914000258,1034.583010404196,971.384566643649,1110.344864909209,915.7346545526436,954.275
WGOA (701-1000 m),1993,999.2798118678995,990.2141642266336,1076.7834728377861,1036.6759112833133,1166.1985813104745,998.5426294450663,1034.49
WGOA (701-1000 m),1994,1074.045654647866,1063.0778502858914,1135.7269557140373,1111.7022918495077,1224.627994837146,1088.8387567970397,1121.45
WGOA (701-1000 m),1995,1150.3298949974342,1137.4139011733978,1196.017497200232,1188.2838837621027,1282.3570585977363,1187.300174617678,1215.72
WGOA (701-1000 m),1996,1246.1181886853324,1230.378711879706,1267.8788699529036,1274.6377275440607,1341.7819694518168,1294.6652530939757,1317.92
WGOA (701-1000 m),1997,1261.6845925969264,1245.6053142367796,1267.5639350869437,1323.5995261361024,1371.543710271895,1411.7391316889402,1428.71
WGOA (701-1000 m),1998,1487.6289035308196,1461.3466887975408,1413.2683972078287,1482.2529797031912,1455.5703937779876,1539.399756947966,1548.81
WGOA (701-1000 m),1999,1678.9999849428357,1640.6310816047803,1520.239169452508,1649.1788280624014,1540.8011236482512,1678.6044662914414,1679
WGOA (701-1000 m),2000,1566.1712424356945,1548.7714471807378,1523.8195029768685,1625.7288504541912,1581.1296218875407,1826.4586619554266,1747.39
WGOA (701-1000 m),2001,1596.10205691569,1590.4021281396479,1612.6491452129756,1700.2142823971928,1665.8640551912076,1987.3360942510535,1818.56
WGOA (701-1000 m),2002,1722.8491412984113,1723.7908715338078,1752.880813295716,1845.9357465535545,1778.3458181573533,2162.383870919175,1892.64
WGOA (701-1000 m),2003,1790.634170821178,1798.5108447533573,1842.734687714192,1956.169591523249,1869.5695273420288,2352.850138805313,1969.73
WGOA (701-1000 m),2004,2043.7186789145599,2053.730930496679,1999.8289359169103,2186.357789278806,1987.3858206017221,2560.0929835473667,2049.96
WGOA (701-1000 m),2005,2654.459933664664,2659.2872968132106,2314.122781696203,2647.9618375288383,2166.84436845369,2785.590113162229,2133.46
WGOA (701-1000 m),2006,2188.9009454273455,2196.555623790905,2094.17333827313,2224.8163449845656,2038.5767278878147,2323.3644628912225,2037.06
WGOA (701-1000 m),2007,1961.0659922513858,1963.1338302303127,1984.986831691706,1966.0846350623776,1957.640400860063,1937.8380192834354,1945.01
WGOA (701-1000 m),2008,1999.6029515163011,2016.0020209452816,1965.9597144368367,1983.8067217285022,1909.1194621269372,1575.0437017341426,1859.58
WGOA (701-1000 m),2009,2005.6709040103933,2033.642997934201,1929.7140254232556,1976.8062535217468,1853.9900390198868,1280.1702916788233,1777.89
WGOA (701-1000 m),2010,3272.469572875381,3337.6963413306553,2348.696574654514,2862.783470903444,1996.1966693013082,1269.7868908965775,1766.28
WGOA (701-1000 m),2011,4595.561043840027,4701.070858591804,2684.618628313636,3758.331370387188,2091.921258019999,1259.4877093877408,1754.74
WGOA (701-1000 m),2012,5306.309504117762,5422.557856459051,2912.8524307352527,4390.51994421492,2164.4192651752915,1249.2720640537632,1743.28
WGOA (701-1000 m),2013,8076.485077019334,8239.89559226808,3486.2888227543913,5602.2418275386135,2298.4736948967457,1239.1392773366754,1731.89
WGOA (701-1000 m),2014,7616.3870081384375,7679.39796532667,3467.259466829458,5548.787720639363,2332.6739303299937,1229.0886771741486,1720.57
WGOA (701-1000 m),2015,6409.859680625092,6343.626116245167,3295.8425765526636,4971.567669201912,2318.2968106406756,1219.11959695492,1709.33
WGOA (701-1000 m),2016,6722.116216026695,6409.013537947372,3355.0605525765377,5131.274538600024,2355.8093054196675,1219.11959695492,1709.33
WGOA (701-1000 m),2017,6637.91140037317,6045.326787089598,3313.9608060804726,5030.1580152888755,2360.24559247926,1219.11959695492,1709.33
WGOA (701-1000 m),2018,6446.886145742569,5470.12755092729,3186.7128084447513,4768.540080606395,2337.189597067992,1219.11959695492,1709.33
WGOA (701-1000 m),2019,6165.823042854502,4794.734948837748,3004.709816874468,4407.123113599864,2291.871782693126,1219.11959695492,1709.33
WGOA (701-1000 m),2020,5136.915225961958,3674.7050717353395,2669.538474857981,3742.880051982463,2197.468289107212,1219.11959695492,1709.33
WGOA (701-1000 m),2021,5136.915225961958,2959.706973778842,2412.0189208415936,3315.846337708139,2124.778339878966,1219.11959695492,1709.33
WGOA (701-1000 m),2022,5136.915225961958,2959.706973778842,2412.0189208415936,3315.846337708139,2124.778339878966,1219.11959695492,1709.33
Total,1984,56198.3756804791,56230.38361788491,54259.69180816125,55667.92897671434,53731.57029736149,55646.53240522906,52205.9
Total,1985,54179.33782944051,54288.71702017412,53693.41267802403,53992.547251526914,53752.46578432574,53349.55455715633,52483.2
Total,1986,53039.163136517614,53237.60681444222,53428.40879020613,52990.21603473275,53907.29224548026,51789.26791287615,53174.9
Total,1987,52776.99969342407,53078.933871576526,53467.23900051673,52659.376309857886,54198.36020369708,50952.07686587601,54338.9
Total,1988,50763.68353619995,51147.143565391474,53169.18363138388,50841.14851906554,54233.486313332025,47939.39794771727,53111.8
Total,1989,49772.08096395387,50250.74443119206,53323.500929708665,49750.87042218492,54445.7922578717,45490.27002381192,51975.3
Total,1990,49751.61191421049,50344.36367232933,53936.04081236675,49338.00114902196,54833.7795773041,43496.70855206154,50925.8
Total,1991,56750.21522317362,57546.04888674758,58883.81850609335,54477.45012525699,57596.06044265396,46393.80587051505,53009.8
Total,1992,65265.753945877885,66308.61934054532,64538.062422302544,60438.1328227047,60572.70374516934,49589.26824120436,55268.7
Total,1993,63577.358966136875,64760.25077072731,65043.95105053082,61107.65417616447,61991.21425224344,53112.527537589696,57718.3
Total,1994,61427.79909491253,62462.9656687052,62334.15320499934,62899.42631002552,63104.58153259774,58202.11149787484,61757.9
Total,1995,64947.66290439477,66130.16339166573,65912.43318729011,66717.27478915466,66076.27065498635,64028.91841218935,66213.3
Total,1996,73696.50881778759,74776.91146269855,72158.92032919453,72981.41419374039,69896.14143610068,70710.82237674606,71129
Total,1997,70993.75477506132,72357.93840181574,71979.67331669024,71832.56276674273,70783.17434723675,72882.6371740807,73301.8
Total,1998,71881.46767300923,72905.75094191123,72249.72831677242,73724.75138030537,72187.83490895125,75182.92032378464,75579.5
Total,1999,76766.64511797483,77397.99910669563,76632.86077844778,76745.69886388,74437.88700346158,77619.0172286986,77967.1
Total,2000,75190.63509762195,76257.53092674054,77777.87457838943,76394.24176686414,75977.8881921779,78354.5742462697,79038
Total,2001,83901.34505743673,85317.81072569806,86641.66106421413,80064.45153763767,79331.37518123188,79316.69945624522,80234.3
Total,2002,84355.97498335327,85605.7708133849,82381.19046963888,85427.6000788525,79654.61070668936,87942.59899939774,83710.7
Total,2003,87738.87188557416,88598.20645396251,80111.11824487585,91060.72967091748,79916.22078976383,98710.18380982392,87584.5
Total,2004,69973.96191990605,70756.87317345642,69720.45806989861,82887.78740483316,77229.13392833351,95649.10453188539,87818.1
Total,2005,87602.62344076819,88100.80829085792,78243.44136749758,89604.33329918527,80202.55593457972,93155.2521461824,88115.5
Total,2006,80462.05379180929,81457.78820352105,78927.86151725936,83670.92316747614,80392.62258793831,87163.88496270972,85879.1
Total,2007,82009.9148583603,82780.77190127474,81699.2230403608,82588.71790234963,81936.91127011567,82672.73479493924,84171.1
Total,2008,90273.89734187709,91519.33055375471,89952.62586266237,85019.33726382878,85197.81932201573,80525.52113773633,81561.2
Total,2009,83218.82147370266,83783.5990994596,86470.72891647184,82832.10826954184,85558.96723890254,79044.1345319977,79254.2
Total,2010,91980.57929330143,93287.6265103108,93652.40051014638,85428.33629009775,87686.00010237182,76884.13025229634,79332.2
Total,2011,85615.80663672491,86606.75310453163,88547.70986431833,82837.02617936417,86167.97486809811,76245.00800563948,79882.5
Total,2012,92148.90694392945,93654.16808213534,93620.86899463001,86999.85734399362,88371.16855685797,78172.90937480218,80768.8
Total,2013,100122.3261835358,101624.7726236093,102364.55767800617,90680.67634471152,91121.1016105244,80489.90828572026,81819.2
Total,2014,98682.83839439816,100156.72026577215,98674.01014128809,93543.02485008808,91450.31626167841,83685.2461722671,83297.4
Total,2015,94829.90045406169,95785.90447162335,93986.18789601159,93062.98804167043,90280.9743422677,87622.1945017473,85004.9
Total,2016,91877.14689366457,93080.84441542772,92591.07513366337,93573.30045905129,90373.42222191372,88905.82750977958,87164
Total,2017,97322.4265237231,97718.63511058304,95102.79075815475,94622.41331019353,89574.90494552896,90383.61632036263,89442.4
Total,2018,92100.0008313323,92704.88276772156,90650.93457882974,91090.94609435358,86531.59735134589,88622.0022612046,88068.8
Total,2019,88004.58214917428,87212.05703749984,83230.84434808402,87130.71733203501,81797.99194872793,87169.96622906829,86802
Total,2020,74295.9520918472,72120.8747599256,70206.2194630099,78137.01623500804,75266.25546651463,83950.24033247566,86802
Total,2021,74295.9520918472,65630.91916638867,63241.133528352104,74108.35491492474,71584.05570518525,81061.34677360367,86802
Total,2022,74295.9520918472,65630.91916638867,63241.133528352104,74108.35491492474,71584.05570518525,81061.34677360367,86802
